<?xml version="1.0" encoding="UTF-8"?>
<project-private xmlns="http://www.netbeans.org/ns/project-private/1">
    <editor-bookmarks xmlns="http://www.netbeans.org/ns/editor-bookmarks/2" lastBookmarkId="0"/>
    <open-files xmlns="http://www.netbeans.org/ns/projectui-open-files/2">
        <group>
            <file>file:/D:/SPRING2022/MOB1014/LAB3/src/BAI3.java</file>
            <file>file:/D:/SPRING2022/MOB1014/LAB3/src/BAI2.java</file>
            <file>file:/D:/SPRING2022/MOB1014/LAB3/src/BAI4.java</file>
            <file>file:/D:/SPRING2022/MOB1014/LAB3/src/BAI1.java</file>
            <file>file:/D:/SPRING2022/MOB1014/LAB3/src/BAI5.java</file>
        </group>
    </open-files>
</project-private>
