<?xml version="1.0" encoding="UTF-8"?>
<project-private xmlns="http://www.netbeans.org/ns/project-private/1">
    <editor-bookmarks xmlns="http://www.netbeans.org/ns/editor-bookmarks/2" lastBookmarkId="0"/>
    <open-files xmlns="http://www.netbeans.org/ns/projectui-open-files/2">
        <group>
            <file>file:/D:/SPRING2022/MOB1014/LAB7/src/lab7/ChuNhat.java</file>
            <file>file:/D:/SPRING2022/MOB1014/LAB7/src/lab7/bai3/SinhVienIT.java</file>
            <file>file:/D:/SPRING2022/MOB1014/LAB7/src/lab7/bai3/SinhVienBiz.java</file>
            <file>file:/D:/SPRING2022/MOB1014/LAB7/src/lab7/Vuong.java</file>
            <file>file:/D:/SPRING2022/MOB1014/LAB7/src/lab7/bai3/Menu.java</file>
            <file>file:/D:/SPRING2022/MOB1014/LAB7/src/lab7/LAB7.java</file>
            <file>file:/D:/SPRING2022/MOB1014/LAB7/src/lab7/bai3/SinhVienPoly.java</file>
        </group>
    </open-files>
</project-private>
