<?xml version="1.0" encoding="UTF-8"?>
<project-private xmlns="http://www.netbeans.org/ns/project-private/1">
    <editor-bookmarks xmlns="http://www.netbeans.org/ns/editor-bookmarks/2" lastBookmarkId="0"/>
    <open-files xmlns="http://www.netbeans.org/ns/projectui-open-files/2">
        <group>
            <file>file:/D:/SPRING2022/MOB1014/LAB6/src/BAI1/BAI1.java</file>
            <file>file:/D:/SPRING2022/MOB1014/LAB6/src/BAI3/QLNhanVien.java</file>
            <file>file:/D:/SPRING2022/MOB1014/LAB6/src/BAI3/SinhVien.java</file>
            <file>file:/D:/SPRING2022/MOB1014/LAB6/src/BAI2/SanPham.java</file>
            <file>file:/D:/SPRING2022/MOB1014/LAB6/src/BAI2/BAI2.java</file>
            <file>file:/D:/SPRING2022/MOB1014/LAB6/src/BAI3/Data.java</file>
        </group>
    </open-files>
</project-private>
