<?xml version="1.0" encoding="UTF-8"?>
<project-private xmlns="http://www.netbeans.org/ns/project-private/1">
    <editor-bookmarks xmlns="http://www.netbeans.org/ns/editor-bookmarks/2" lastBookmarkId="0"/>
    <open-files xmlns="http://www.netbeans.org/ns/projectui-open-files/2">
        <group>
            <file>file:/D:/SPRING2022/MOB1014/LAB05/src/Bai2/lab5/bai2.java</file>
            <file>file:/D:/SPRING2022/MOB1014/LAB05/src/Bai1/lab5/Bai1.java</file>
            <file>file:/D:/SPRING2022/MOB1014/LAB05/src/bai3/lab5/SanPham.java</file>
            <file>file:/D:/SPRING2022/MOB1014/LAB05/src/bai3/lab5/QuanLySP.java</file>
            <file>file:/D:/SPRING2022/MOB1014/LAB05/src/Bai2/lab5/DanhSach.java</file>
        </group>
    </open-files>
</project-private>
